{"CO2_Emissions": {"mean": 274.7221509362177, "std": 129.74498154933153}, "Renewable_Energy": {"mean": 50.03792744302016, "std": 28.851758319635877}, "Water_Consumption": {"mean": 500.82531447901044, "std": 288.9326162421316}, "Waste_Management": {"mean": 50.07189135130332, "std": 28.883850294617513}, "Biodiversity_Impact": {"mean": 5.008855681924857, "std": 2.8931166885956685}, "Gender_Diversity": {"mean": 35.014306662587046, "std": 14.420900687911688}, "Employee_Satisfaction": {"mean": 5.481521154198772, "std": 2.593122785495904}, "Community_Investment": {"mean": 4.98454350216339, "std": 2.8894482439843525}, "Safety_Incidents": {"mean": 2.995325, "std": 1.7346983524043442}, "Labor_Rights": {"mean": 4.994474943135858, "std": 2.8837393597123735}, "Board_Diversity": {"mean": 50.13943994944937, "std": 28.81292767491734}, "Executive_Pay_Ratio": {"mean": 274.6661332018704, "std": 129.65950429949632}, "Transparency": {"mean": 5.003914520264331, "std": 2.886718368918206}, "Shareholder_Rights": {"mean": 5.018227902340646, "std": 2.8893948257067597}, "Anti_Corruption": {"mean": 0.700975, "std": 0.4578365316706863}, "Political_Donations": {"mean": 49654.95938871229, "std": 49747.32421814574}}